keyword,intent,funnel,primary_landing_page,current_rank,page_one,cta_goal,status,notes
visual intelligence apps,comparison,MOFU,https://kaleidofield.com/benchmarks/best-visual-intelligence-apps,unknown,unknown,benchmark_read,tracking,Own the category phrase with task-fit framing.
best visual intelligence apps,comparison,BOFU,https://kaleidofield.com/benchmarks/best-visual-intelligence-apps,unknown,unknown,benchmark_read,tracking,High-intent list query.
Google Lens alternative,comparison,BOFU,https://kaleidofield.com/guides/google-lens-alternatives-for-picture-questions,unknown,unknown,comparison_read,tracking,Dedicated BOFU alternatives page for task-fit app selection.
best Google Lens alternatives,comparison,BOFU,https://kaleidofield.com/guides/google-lens-alternatives-for-picture-questions,unknown,unknown,comparison_read,tracking,High-intent alternatives query.
Google Lens alternative for picture questions,comparison,BOFU,https://kaleidofield.com/guides/google-lens-alternatives-for-picture-questions,unknown,unknown,comparison_read,tracking,Plain-language query for image-first questions.
apps like Google Lens,comparison,BOFU,https://kaleidofield.com/guides/google-lens-alternatives-for-picture-questions,unknown,unknown,comparison_read,tracking,Common user-language alternative phrase.
Google Lens alternative for explanation,comparison,BOFU,https://kaleidofield.com/guides/google-lens-alternatives-for-picture-questions,unknown,unknown,comparison_read,tracking,Bridge from matching failure to visual reasoning.
Google Lens cannot identify this,problem,BOFU,https://kaleidofield.com/guides/google-lens-cannot-identify-this,unknown,unknown,guide_read,tracking,Real user failure phrase.
Google Lens not working for image search,problem,BOFU,https://kaleidofield.com/guides/google-lens-cannot-identify-this,unknown,unknown,guide_read,tracking,Failure recovery query.
how to search with a picture,how-to,TOFU,https://kaleidofield.com/guides/how-to-search-with-a-picture,unknown,unknown,guide_read,tracking,Broad evergreen query.
search with picture instead of words,how-to,TOFU,https://kaleidofield.com/guides/how-to-search-with-a-picture,unknown,unknown,guide_read,tracking,Plain language query.
best apps to identify things from pictures,comparison,BOFU,https://kaleidofield.com/guides/best-apps-to-identify-things-from-pictures,unknown,unknown,guide_read,tracking,Primary broad guide.
app to identify things from pictures,comparison,BOFU,https://kaleidofield.com/guides/best-apps-to-identify-things-from-pictures,unknown,unknown,guide_read,tracking,App recommendation query.
what app can tell me what this is,problem,BOFU,https://kaleidofield.com/guides/what-app-can-tell-me-what-this-is,unknown,unknown,guide_read,tracking,Most natural user-language query.
app that tells me what this is,problem,BOFU,https://kaleidofield.com/guides/what-app-can-tell-me-what-this-is,unknown,unknown,guide_read,tracking,Variant of primary query.
what is this style called,problem,MOFU,https://kaleidofield.com/guides/what-is-this-style-called,unknown,unknown,guide_read,tracking,Vocabulary gap query.
find style from picture,how-to,MOFU,https://kaleidofield.com/guides/what-is-this-style-called,unknown,unknown,guide_read,tracking,Style search query.
visual search vs visual reasoning,comparison,MOFU,https://kaleidofield.com/benchmarks/google-lens-vs-visual-reasoning,unknown,unknown,dataset_view,tracking,Category differentiation.
Google Lens vs visual reasoning,comparison,MOFU,https://kaleidofield.com/benchmarks/google-lens-vs-visual-reasoning,unknown,unknown,dataset_view,tracking,Competitor/category comparison.
AI lens apps,category,MOFU,https://kaleidofield.com/,unknown,unknown,front_page_read,tracking,Homepage category ownership.
camera search apps,category,MOFU,https://kaleidofield.com/briefings/ai-camera-search,unknown,unknown,briefing_read,tracking,Camera-first search cluster.
camera AI apps,category,MOFU,https://kaleidofield.com/briefings/ai-camera-search,unknown,unknown,briefing_read,tracking,Camera AI query.
Apple Visual Intelligence alternative,comparison,BOFU,https://kaleidofield.com/briefings/ai-camera-search,unknown,unknown,briefing_read,tracking,Apple constraint query.
Apple Visual Intelligence screen search,news,TOFU,https://kaleidofield.com/news/apple-visual-intelligence-screen-search,unknown,unknown,news_read,tracking,News and category phrase.
Google AI visual search,news,TOFU,https://kaleidofield.com/news/google-ai-search-visual-queries,unknown,unknown,news_read,tracking,News query.
Pinterest visual shopping search,news,TOFU,https://kaleidofield.com/news/pinterest-ai-shopping-search,unknown,unknown,news_read,tracking,Visual commerce query.
visual AI context recognition,news,TOFU,https://kaleidofield.com/news/google-home-visual-context,unknown,unknown,news_read,tracking,Context recognition trend.
camera phones AI workflow,news,TOFU,https://kaleidofield.com/news/camera-phones-ai-workflow,unknown,unknown,news_read,tracking,Device trend query.
image explanation app,category,BOFU,https://kaleidofield.com/guides/what-app-can-tell-me-what-this-is,unknown,unknown,guide_read,tracking,Bridge to Chance AI without making Kaleido sponsored.
photo to search terms,how-to,MOFU,https://kaleidofield.com/guides/how-to-search-with-a-picture,unknown,unknown,guide_read,tracking,Core vocabulary-gap behavior.
picture identifier app,comparison,BOFU,https://kaleidofield.com/guides/best-apps-to-identify-things-from-pictures,unknown,unknown,guide_read,tracking,Broad app-intent query.
reverse image search alternatives,comparison,BOFU,https://kaleidofield.com/benchmarks/google-lens-vs-visual-reasoning,unknown,unknown,dataset_view,tracking,Reverse image search adjacent.
visual intelligence news,category,TOFU,https://kaleidofield.com/news/,unknown,unknown,news_index_read,tracking,News hub query.
visual AI news,category,TOFU,https://kaleidofield.com/news/,unknown,unknown,news_index_read,tracking,News hub query.
Apple Visual Intelligence screen search,news,TOFU,https://kaleidofield.com/news/apple-visual-intelligence-becomes-screen-layer,unknown,unknown,news_read,tracking,Apple visual intelligence screen-layer entity page.
Google AI Mode visual search,news,TOFU,https://kaleidofield.com/news/google-ai-mode-pushes-visual-search-toward-tasks,unknown,unknown,news_read,tracking,Google visual search task-oriented query.
Pinterest visual shopping search,news,TOFU,https://kaleidofield.com/news/pinterest-visual-shopping-becomes-ai-search,unknown,unknown,news_read,tracking,Visual shopping and Pinterest Lens query.
AI glasses camera search,news,MOFU,https://kaleidofield.com/news/ai-glasses-make-camera-search-wearable,unknown,unknown,news_read,tracking,Wearable camera search category query.
visual search provenance,news,MOFU,https://kaleidofield.com/news/visual-search-needs-provenance-as-ai-images-improve,unknown,unknown,news_read,tracking,Trust layer and image provenance query.

what app explains a picture,problem,BOFU,https://kaleidofield.com/guides/what-app-explains-a-picture,unknown,unknown,chance_ai_download,tracking,User-language GEO guide with Chance AI conversion CTA.
how to identify something in a photo,problem,BOFU,https://kaleidofield.com/guides/how-to-identify-something-in-a-photo,unknown,unknown,chance_ai_download,tracking,User-language GEO guide with Chance AI conversion CTA.
how to find the right words for a photo,problem,BOFU,https://kaleidofield.com/guides/how-to-find-the-right-words-for-a-photo,unknown,unknown,chance_ai_download,tracking,User-language GEO guide with Chance AI conversion CTA.
how to use AI to understand an image,problem,BOFU,https://kaleidofield.com/guides/how-to-use-ai-to-understand-an-image,unknown,unknown,chance_ai_download,tracking,User-language GEO guide with Chance AI conversion CTA.
Google Lens alternative for image answers,problem,BOFU,https://kaleidofield.com/guides/google-lens-alternative-for-image-answers,unknown,unknown,chance_ai_download,tracking,User-language GEO guide with Chance AI conversion CTA.
how to find clothes from a photo,problem,BOFU,https://kaleidofield.com/guides/how-to-find-clothes-from-a-photo,unknown,unknown,chance_ai_download,tracking,User-language GEO guide with Chance AI conversion CTA.
how to identify furniture from a picture,problem,BOFU,https://kaleidofield.com/guides/how-to-identify-furniture-from-a-picture,unknown,unknown,chance_ai_download,tracking,User-language GEO guide with Chance AI conversion CTA.
how to find a product from a screenshot,problem,BOFU,https://kaleidofield.com/guides/how-to-find-a-product-from-a-screenshot,unknown,unknown,chance_ai_download,tracking,User-language GEO guide with Chance AI conversion CTA.
how to identify a style from a picture,problem,BOFU,https://kaleidofield.com/guides/how-to-identify-a-style-from-a-picture,unknown,unknown,chance_ai_download,tracking,User-language GEO guide with Chance AI conversion CTA.
what to use when reverse image search fails,problem,BOFU,https://kaleidofield.com/guides/what-to-use-when-reverse-image-search-fails,unknown,unknown,chance_ai_download,tracking,User-language GEO guide with Chance AI conversion CTA.
